traj_id,frame,x,y
0,0,0.0,0.0
0,1,,
0,2,,
0,3,,
0,4,,
0,5,,
0,6,,
0,7,,
0,8,,
0,9,,
1,0,0.37792642140468224,2.0066889632107023
1,1,0.3612040133779264,2.0066889632107023
1,2,,
1,3,,
1,4,,
1,5,,
1,6,,
1,7,,
1,8,0.37792642140468224,2.006688963210703
1,9,,
2,0,0.6220735785953178,2.0066889632107023
2,1,0.6387959866220736,2.0066889632107023
2,2,,
2,3,,
2,4,,
2,5,,
2,6,,
2,7,,
2,8,0.6220735785953178,2.006688963210703
2,9,,
3,0,0.2909698996655518,2.408026755852843
3,1,,
3,2,,
3,3,,
3,4,,
3,5,,
3,6,,
3,7,0.31438127090301005,2.408026755852843
3,8,,
3,9,,
4,0,0.3076923076923077,2.408026755852843
4,1,,
4,2,,
4,3,,
4,4,,
4,5,,
4,6,,
4,7,,
4,8,,
4,9,,
5,0,0.6923076923076923,2.408026755852843
5,1,,
5,2,,
5,3,,
5,4,,
5,5,,
5,6,,
5,7,0.68561872909699,2.408026755852843
5,8,,
5,9,,
6,0,0.7090301003344481,2.408026755852843
6,1,,
6,2,,
6,3,,
6,4,,
6,5,,
6,6,,
6,7,,
6,8,,
6,9,,
7,0,0.3612040133779264,3.0100334448160537
7,1,,
7,2,,
7,3,,
7,4,,
7,5,,
7,6,,
7,7,0.37792642140468224,3.010033444816054
7,8,,
7,9,,
8,0,0.6387959866220736,3.0100334448160537
8,1,,
8,2,,
8,3,,
8,4,,
8,5,,
8,6,,
8,7,0.6220735785953178,3.010033444816054
8,8,,
8,9,,
9,0,0.4214046822742475,7.023411371237458
9,1,,
9,2,,
9,3,,
9,4,,
9,5,,
9,6,,
9,7,,
9,8,,
9,9,,
10,0,0.5785953177257525,7.023411371237458
10,1,,
10,2,,
10,3,,
10,4,,
10,5,,
10,6,,
10,7,,
10,8,,
10,9,,
11,0,0.36789297658862874,7.224080267558529
11,1,,
11,2,,
11,3,,
11,4,,
11,5,,
11,6,,
11,7,,
11,8,,
11,9,,
12,0,0.6321070234113713,7.224080267558529
12,1,,
12,2,,
12,3,,
12,4,,
12,5,,
12,6,,
12,7,,
12,8,,
12,9,,
13,0,0.3377926421404682,7.424749163879599
13,1,,
13,2,,
13,3,,
13,4,,
13,5,,
13,6,,
13,7,,
13,8,,
13,9,,
14,0,0.6622073578595318,7.424749163879599
14,1,,
14,2,,
14,3,,
14,4,,
14,5,,
14,6,,
14,7,,
14,8,,
14,9,,
15,0,0.3177257525083612,7.625418060200669
15,1,,
15,2,,
15,3,,
15,4,,
15,5,,
15,6,,
15,7,,
15,8,,
15,9,,
16,0,0.6822742474916388,7.625418060200669
16,1,,
16,2,,
16,3,,
16,4,,
16,5,,
16,6,,
16,7,,
16,8,,
16,9,,
17,0,0.3010033444816054,8.02675585284281
17,1,0.3010033444816054,8.02675585284281
17,2,,
17,3,,
17,4,,
17,5,,
17,6,,
17,7,,
17,8,,
17,9,,
18,0,0.6989966555183946,8.02675585284281
18,1,0.6989966555183946,8.02675585284281
18,2,,
18,3,,
18,4,,
18,5,,
18,6,,
18,7,,
18,8,,
18,9,,
19,0,0.28762541806020064,8.62876254180602
19,1,,
19,2,,
19,3,,
19,4,,
19,5,,
19,6,,
19,7,,
19,8,,
19,9,,
20,0,0.7123745819397993,8.62876254180602
20,1,,
20,2,,
20,3,,
20,4,,
20,5,,
20,6,,
20,7,,
20,8,,
20,9,,
21,0,0.3010033444816054,9.03010033444816
21,1,,
21,2,,
21,3,,
21,4,,
21,5,,
21,6,,
21,7,,
21,8,,
21,9,,
22,0,0.6989966555183946,9.03010033444816
22,1,,
22,2,,
22,3,,
22,4,,
22,5,,
22,6,,
22,7,,
22,8,,
22,9,,
23,0,0.3177257525083612,9.431438127090301
23,1,,
23,2,,
23,3,,
23,4,,
23,5,,
23,6,,
23,7,,
23,8,,
23,9,,
24,0,0.6822742474916388,9.431438127090301
24,1,,
24,2,,
24,3,,
24,4,,
24,5,,
24,6,,
24,7,,
24,8,,
24,9,,
25,0,0.3812709030100334,10.033444816053512
25,1,,
25,2,,
25,3,,
25,4,,
25,5,,
25,6,,
25,7,,
25,8,,
25,9,,
26,0,0.6187290969899666,10.033444816053512
26,1,,
26,2,,
26,3,,
26,4,,
26,5,,
26,6,,
26,7,,
26,8,,
26,9,,
27,0,0.42474916387959866,10.234113712374581
27,1,,
27,2,,
27,3,,
27,4,,
27,5,,
27,6,,
27,7,,
27,8,,
27,9,,
28,0,0.5752508361204013,10.234113712374581
28,1,,
28,2,,
28,3,,
28,4,,
28,5,,
28,6,,
28,7,,
28,8,,
28,9,,
29,0,0.44481605351170567,20.668896321070235
29,1,,
29,2,,
29,3,,
29,4,,
29,5,,
29,6,,
29,7,,
29,8,,
29,9,0.4414715719063545,20.668896321070235
30,0,0.5551839464882943,20.668896321070235
30,1,,
30,2,,
30,3,,
30,4,,
30,5,,
30,6,,
30,7,,
30,8,,
30,9,0.5585284280936454,20.668896321070235
31,0,0.3076923076923077,22.876254180602007
31,1,0.2909698996655518,22.876254180602007
31,2,0.28762541806020064,22.876254180602007
31,3,0.294314381270903,22.876254180602007
31,4,,
31,5,,
31,6,,
31,7,,
31,8,,
31,9,,
32,0,0.6923076923076923,22.876254180602007
32,1,0.7090301003344481,22.876254180602007
32,2,0.7123745819397993,22.876254180602007
32,3,0.705685618729097,22.876254180602007
32,4,,
32,5,,
32,6,,
32,7,,
32,8,,
32,9,,
33,0,0.2909698996655518,23.879598662207357
33,1,0.28762541806020064,23.879598662207357
33,2,0.294314381270903,23.879598662207357
33,3,0.3076923076923077,23.879598662207357
33,4,,
33,5,,
33,6,,
33,7,,
33,8,,
33,9,,
34,0,0.7090301003344481,23.879598662207357
34,1,0.7123745819397993,23.879598662207357
34,2,0.705685618729097,23.879598662207357
34,3,0.6923076923076923,23.879598662207357
34,4,,
34,5,,
34,6,,
34,7,,
34,8,,
34,9,,
35,0,0.28762541806020064,24.88294314381271
35,1,0.294314381270903,24.88294314381271
35,2,0.3076923076923077,24.88294314381271
35,3,,
35,4,,
35,5,,
35,6,,
35,7,,
35,8,,
35,9,,
36,0,0.7123745819397993,24.88294314381271
36,1,0.705685618729097,24.88294314381271
36,2,0.6923076923076923,24.88294314381271
36,3,,
36,4,,
36,5,,
36,6,,
36,7,,
36,8,,
36,9,,
37,0,0.2909698996655518,25.48494983277592
37,1,,
37,2,,
37,3,,
37,4,,
37,5,,
37,6,,
37,7,,
37,8,,
37,9,,
38,0,0.7090301003344481,25.48494983277592
38,1,,
38,2,,
38,3,,
38,4,,
38,5,,
38,6,,
38,7,,
38,8,,
38,9,,
39,0,0.294314381270903,25.88628762541806
39,1,0.3076923076923077,25.88628762541806
39,2,,
39,3,,
39,4,,
39,5,,
39,6,,
39,7,,
39,8,,
39,9,,
40,0,0.705685618729097,25.88628762541806
40,1,0.6923076923076923,25.88628762541806
40,2,,
40,3,,
40,4,,
40,5,,
40,6,,
40,7,,
40,8,,
40,9,,
41,0,0.29765886287625415,26.287625418060202
41,1,,
41,2,,
41,3,,
41,4,,
41,5,,
41,6,,
41,7,,
41,8,,
41,9,,
42,0,0.7023411371237458,26.287625418060202
42,1,,
42,2,,
42,3,,
42,4,,
42,5,,
42,6,,
42,7,,
42,8,,
42,9,,
43,0,0.3076923076923077,26.889632107023413
43,1,,
43,2,,
43,3,,
43,4,,
43,5,,
43,6,,
43,7,,
43,8,,
43,9,,
44,0,0.6923076923076923,26.889632107023413
44,1,,
44,2,,
44,3,,
44,4,,
44,5,,
44,6,,
44,7,,
44,8,,
44,9,,
45,0,0.4882943143812709,57.591973244147155
45,1,,
45,2,,
45,3,,
45,4,,
45,5,,
45,6,,
45,7,,
45,8,,
45,9,,
46,0,0.5117056856187291,57.591973244147155
46,1,,
46,2,,
46,3,,
46,4,,
46,5,,
46,6,,
46,7,,
46,8,,
46,9,,
47,0,,
47,1,0.3812709030100334,1.0033444816053514
47,2,0.35785953177257523,1.0033444816053514
47,3,,
47,4,,
47,5,,
47,6,,
47,7,,
47,8,,
47,9,0.3745819397993311,1.0033444816053514
48,0,,
48,1,0.6187290969899666,1.0033444816053514
48,2,0.6421404682274248,1.0033444816053514
48,3,,
48,4,,
48,5,,
48,6,,
48,7,,
48,8,,
48,9,0.6254180602006689,1.0033444816053514
49,0,,
49,1,0.2909698996655518,1.4046822742474916
49,2,,
49,3,,
49,4,,
49,5,,
49,6,,
49,7,,
49,8,0.31438127090301005,1.4046822742474916
49,9,,
50,0,,
50,1,0.3110367892976589,1.4046822742474916
50,2,,
50,3,,
50,4,,
50,5,,
50,6,,
50,7,,
50,8,,
50,9,,
51,0,,
51,1,0.6889632107023411,1.4046822742474916
51,2,,
51,3,,
51,4,,
51,5,,
51,6,,
51,7,,
51,8,0.68561872909699,1.4046822742474916
51,9,,
52,0,,
52,1,0.7090301003344481,1.4046822742474916
52,2,,
52,3,,
52,4,,
52,5,,
52,6,,
52,7,,
52,8,,
52,9,,
53,0,,
53,1,0.4214046822742475,6.0200668896321075
53,2,,
53,3,,
53,4,,
53,5,,
53,6,,
53,7,,
53,8,,
53,9,,
54,0,,
54,1,0.5785953177257525,6.0200668896321075
54,2,,
54,3,,
54,4,,
54,5,,
54,6,,
54,7,,
54,8,,
54,9,,
55,0,,
55,1,0.36789297658862874,6.2207357859531776
55,2,,
55,3,,
55,4,,
55,5,,
55,6,,
55,7,,
55,8,,
55,9,,
56,0,,
56,1,0.6321070234113713,6.2207357859531776
56,2,,
56,3,,
56,4,,
56,5,,
56,6,,
56,7,,
56,8,,
56,9,,
57,0,,
57,1,0.3377926421404682,6.421404682274248
57,2,,
57,3,0.31438127090301005,6.421404682274247
57,4,,
57,5,,
57,6,,
57,7,,
57,8,,
57,9,,
58,0,,
58,1,0.6622073578595318,6.421404682274248
58,2,,
58,3,0.68561872909699,6.421404682274247
58,4,,
58,5,,
58,6,,
58,7,,
58,8,,
58,9,,
59,0,,
59,1,0.3177257525083612,6.622073578595318
59,2,,
59,3,0.3311036789297659,6.622073578595318
59,4,,
59,5,,
59,6,,
59,7,,
59,8,,
59,9,,
60,0,,
60,1,0.6822742474916388,6.622073578595318
60,2,,
60,3,0.6688963210702341,6.622073578595318
60,4,,
60,5,,
60,6,,
60,7,,
60,8,,
60,9,,
61,0,,
61,1,0.3010033444816054,7.023411371237458
61,2,0.3010033444816054,7.023411371237458
61,3,,
61,4,,
61,5,,
61,6,,
61,7,,
61,8,,
61,9,,
62,0,,
62,1,0.6989966555183946,7.023411371237458
62,2,0.6989966555183946,7.023411371237458
62,3,,
62,4,,
62,5,,
62,6,,
62,7,,
62,8,,
62,9,,
63,0,,
63,1,0.28762541806020064,7.625418060200669
63,2,,
63,3,,
63,4,,
63,5,,
63,6,,
63,7,,
63,8,,
63,9,,
64,0,,
64,1,0.7123745819397993,7.625418060200669
64,2,,
64,3,,
64,4,,
64,5,,
64,6,,
64,7,,
64,8,,
64,9,,
65,0,,
65,1,0.3177257525083612,8.42809364548495
65,2,,
65,3,,
65,4,,
65,5,,
65,6,,
65,7,,
65,8,,
65,9,,
66,0,,
66,1,0.6822742474916388,8.42809364548495
66,2,,
66,3,,
66,4,,
66,5,,
66,6,,
66,7,,
66,8,,
66,9,,
67,0,,
67,1,0.3812709030100334,9.03010033444816
67,2,,
67,3,,
67,4,,
67,5,,
67,6,,
67,7,,
67,8,,
67,9,,
68,0,,
68,1,0.6187290969899666,9.03010033444816
68,2,,
68,3,,
68,4,,
68,5,,
68,6,,
68,7,,
68,8,,
68,9,,
69,0,,
69,1,0.42474916387959866,9.230769230769232
69,2,,
69,3,,
69,4,,
69,5,,
69,6,,
69,7,,
69,8,,
69,9,,
70,0,,
70,1,0.5752508361204013,9.230769230769232
70,2,,
70,3,,
70,4,,
70,5,,
70,6,,
70,7,,
70,8,,
70,9,,
71,0,,
71,1,0.3076923076923077,21.872909698996658
71,2,0.2909698996655518,21.872909698996658
71,3,0.28762541806020064,21.872909698996658
71,4,0.294314381270903,21.872909698996658
71,5,,
71,6,,
71,7,,
71,8,,
71,9,,
72,0,,
72,1,0.6923076923076923,21.872909698996658
72,2,0.7090301003344481,21.872909698996658
72,3,0.7123745819397993,21.872909698996658
72,4,0.705685618729097,21.872909698996658
72,5,,
72,6,,
72,7,,
72,8,,
72,9,,
73,0,,
73,1,0.2909698996655518,24.48160535117057
73,2,,
73,3,,
73,4,,
73,5,,
73,6,,
73,7,,
73,8,,
73,9,,
74,0,,
74,1,0.7090301003344481,24.48160535117057
74,2,,
74,3,,
74,4,,
74,5,,
74,6,,
74,7,,
74,8,,
74,9,,
75,0,,
75,1,0.29765886287625415,25.28428093645485
75,2,,
75,3,,
75,4,,
75,5,,
75,6,,
75,7,,
75,8,,
75,9,,
76,0,,
76,1,0.7023411371237458,25.28428093645485
76,2,,
76,3,,
76,4,,
76,5,,
76,6,,
76,7,,
76,8,,
76,9,,
77,0,,
77,1,0.4916387959866221,56.58862876254181
77,2,,
77,3,,
77,4,,
77,5,,
77,6,,
77,7,,
77,8,,
77,9,,
78,0,,
78,1,0.5083612040133779,56.58862876254181
78,2,,
78,3,,
78,4,,
78,5,,
78,6,,
78,7,,
78,8,,
78,9,,
79,0,,
79,1,,
79,2,0.3812709030100334,0.0
79,3,0.35785953177257523,0.0
79,4,,
79,5,,
79,6,,
79,7,,
79,8,,
79,9,,
80,0,,
80,1,,
80,2,0.6187290969899666,0.0
80,3,0.6421404682274248,0.0
80,4,,
80,5,,
80,6,,
80,7,,
80,8,,
80,9,,
81,0,,
81,1,,
81,2,0.2909698996655518,0.40133779264214064
81,3,,
81,4,,
81,5,,
81,6,,
81,7,,
81,8,,
81,9,0.31438127090301005,0.4013377926421402
82,0,,
82,1,,
82,2,0.3110367892976589,0.40133779264214064
82,3,,
82,4,,
82,5,,
82,6,,
82,7,,
82,8,,
82,9,,
83,0,,
83,1,,
83,2,0.6889632107023411,0.40133779264214064
83,3,,
83,4,,
83,5,,
83,6,,
83,7,,
83,8,,
83,9,0.68561872909699,0.4013377926421402
84,0,,
84,1,,
84,2,0.7090301003344481,0.40133779264214064
84,3,,
84,4,,
84,5,,
84,6,,
84,7,,
84,8,,
84,9,,
85,0,,
85,1,,
85,2,0.42474916387959866,5.016722408026756
85,3,,
85,4,,
85,5,,
85,6,,
85,7,,
85,8,,
85,9,,
86,0,,
86,1,,
86,2,0.5752508361204013,5.016722408026756
86,3,,
86,4,,
86,5,,
86,6,,
86,7,,
86,8,,
86,9,,
87,0,,
87,1,,
87,2,0.36789297658862874,5.217391304347826
87,3,,
87,4,,
87,5,,
87,6,,
87,7,,
87,8,,
87,9,,
88,0,,
88,1,,
88,2,0.6321070234113713,5.217391304347826
88,3,,
88,4,,
88,5,,
88,6,,
88,7,,
88,8,,
88,9,,
89,0,,
89,1,,
89,2,0.3377926421404682,5.418060200668896
89,3,,
89,4,0.31438127090301005,5.418060200668897
89,5,,
89,6,,
89,7,,
89,8,,
89,9,,
90,0,,
90,1,,
90,2,0.6622073578595318,5.418060200668896
90,3,,
90,4,0.68561872909699,5.418060200668897
90,5,,
90,6,,
90,7,,
90,8,,
90,9,,
91,0,,
91,1,,
91,2,0.3177257525083612,5.618729096989966
91,3,,
91,4,0.3311036789297659,5.618729096989966
91,5,,
91,6,,
91,7,,
91,8,,
91,9,,
92,0,,
92,1,,
92,2,0.6822742474916388,5.618729096989966
92,3,,
92,4,0.6688963210702341,5.618729096989966
92,5,,
92,6,,
92,7,,
92,8,,
92,9,,
93,0,,
93,1,,
93,2,0.3010033444816054,6.020066889632108
93,3,0.3010033444816054,6.020066889632108
93,4,,
93,5,,
93,6,,
93,7,,
93,8,,
93,9,,
94,0,,
94,1,,
94,2,0.6989966555183946,6.020066889632108
94,3,0.6989966555183946,6.020066889632108
94,4,,
94,5,,
94,6,,
94,7,,
94,8,,
94,9,,
95,0,,
95,1,,
95,2,0.28762541806020064,6.622073578595318
95,3,,
95,4,,
95,5,,
95,6,,
95,7,,
95,8,,
95,9,,
96,0,,
96,1,,
96,2,0.7123745819397993,6.622073578595318
96,3,,
96,4,,
96,5,,
96,6,,
96,7,,
96,8,,
96,9,,
97,0,,
97,1,,
97,2,0.4214046822742475,8.22742474916388
97,3,,
97,4,,
97,5,,
97,6,,
97,7,,
97,8,,
97,9,,
98,0,,
98,1,,
98,2,0.5785953177257525,8.22742474916388
98,3,,
98,4,,
98,5,,
98,6,,
98,7,,
98,8,,
98,9,,
99,0,,
99,1,,
99,2,0.44816053511705684,18.662207357859533
99,3,,
99,4,,
99,5,,
99,6,,
99,7,,
99,8,,
99,9,,
100,0,,
100,1,,
100,2,0.5518394648829431,18.662207357859533
100,3,,
100,4,,
100,5,,
100,6,,
100,7,,
100,8,,
100,9,,
101,0,,
101,1,,
101,2,0.3076923076923077,20.869565217391305
101,3,0.2909698996655518,20.869565217391305
101,4,0.28762541806020064,20.869565217391305
101,5,0.294314381270903,20.869565217391305
101,6,,
101,7,,
101,8,,
101,9,,
102,0,,
102,1,,
102,2,0.2909698996655518,23.47826086956522
102,3,,
102,4,,
102,5,,
102,6,,
102,7,,
102,8,,
102,9,,
103,0,,
103,1,,
103,2,0.7090301003344481,23.47826086956522
103,3,,
103,4,,
103,5,,
103,6,,
103,7,,
103,8,,
103,9,,
104,0,,
104,1,,
104,2,0.29765886287625415,24.2809364548495
104,3,,
104,4,,
104,5,,
104,6,,
104,7,,
104,8,,
104,9,,
105,0,,
105,1,,
105,2,0.7023411371237458,24.2809364548495
105,3,,
105,4,,
105,5,,
105,6,,
105,7,,
105,8,,
105,9,,
106,0,,
106,1,,
106,2,0.44481605351170567,27.692307692307693
106,3,,
106,4,,
106,5,,
106,6,,
106,7,,
106,8,,
106,9,,
107,0,,
107,1,,
107,2,0.5551839464882943,27.692307692307693
107,3,,
107,4,,
107,5,,
107,6,,
107,7,,
107,8,,
107,9,,
108,0,,
108,1,,
108,2,0.4916387959866221,55.585284280936456
108,3,,
108,4,,
108,5,,
108,6,,
108,7,,
108,8,,
108,9,,
109,0,,
109,1,,
109,2,0.5083612040133779,55.585284280936456
109,3,,
109,4,,
109,5,,
109,6,,
109,7,,
109,8,,
109,9,,
110,0,,
110,1,,
110,2,,
110,3,0.42474916387959866,4.013377926421405
110,4,,
110,5,,
110,6,,
110,7,,
110,8,,
110,9,,
111,0,,
111,1,,
111,2,,
111,3,0.5752508361204013,4.013377926421405
111,4,,
111,5,,
111,6,,
111,7,,
111,8,,
111,9,,
112,0,,
112,1,,
112,2,,
112,3,0.36789297658862874,4.214046822742475
112,4,,
112,5,,
112,6,,
112,7,,
112,8,,
112,9,,
113,0,,
113,1,,
113,2,,
113,3,0.6321070234113713,4.214046822742475
113,4,,
113,5,,
113,6,,
113,7,,
113,8,,
113,9,,
114,0,,
114,1,,
114,2,,
114,3,0.3377926421404682,4.414715719063545
114,4,,
114,5,0.31438127090301005,4.414715719063544
114,6,,
114,7,,
114,8,,
114,9,,
115,0,,
115,1,,
115,2,,
115,3,0.6622073578595318,4.414715719063545
115,4,,
115,5,0.68561872909699,4.414715719063544
115,6,,
115,7,,
115,8,,
115,9,,
116,0,,
116,1,,
116,2,,
116,3,0.3177257525083612,4.615384615384616
116,4,,
116,5,0.3311036789297659,4.615384615384617
116,6,,
116,7,,
116,8,,
116,9,,
117,0,,
117,1,,
117,2,,
117,3,0.6822742474916388,4.615384615384616
117,4,,
117,5,0.6688963210702341,4.615384615384617
117,6,,
117,7,,
117,8,,
117,9,,
118,0,,
118,1,,
118,2,,
118,3,0.3010033444816054,5.016722408026755
118,4,0.3010033444816054,5.016722408026755
118,5,,
118,6,,
118,7,,
118,8,,
118,9,,
119,0,,
119,1,,
119,2,,
119,3,0.6989966555183946,5.016722408026755
119,4,0.6989966555183946,5.016722408026755
119,5,,
119,6,,
119,7,,
119,8,,
119,9,,
120,0,,
120,1,,
120,2,,
120,3,0.28762541806020064,5.618729096989966
120,4,,
120,5,,
120,6,,
120,7,,
120,8,,
120,9,,
121,0,,
121,1,,
121,2,,
121,3,0.7123745819397993,5.618729096989966
121,4,,
121,5,,
121,6,,
121,7,,
121,8,,
121,9,,
122,0,,
122,1,,
122,2,,
122,3,0.3511705685618729,6.822742474916389
122,4,,
122,5,,
122,6,,
122,7,,
122,8,,
122,9,,
123,0,,
123,1,,
123,2,,
123,3,0.6488294314381271,6.822742474916389
123,4,,
123,5,,
123,6,,
123,7,,
123,8,,
123,9,,
124,0,,
124,1,,
124,2,,
124,3,0.37792642140468224,7.023411371237458
124,4,,
124,5,,
124,6,,
124,7,,
124,8,,
124,9,,
125,0,,
125,1,,
125,2,,
125,3,0.6220735785953178,7.023411371237458
125,4,,
125,5,,
125,6,,
125,7,,
125,8,,
125,9,,
126,0,,
126,1,,
126,2,,
126,3,0.4214046822742475,7.224080267558529
126,4,,
126,5,,
126,6,,
126,7,,
126,8,,
126,9,,
127,0,,
127,1,,
127,2,,
127,3,0.5785953177257525,7.224080267558529
127,4,,
127,5,,
127,6,,
127,7,,
127,8,,
127,9,,
128,0,,
128,1,,
128,2,,
128,3,0.44816053511705684,17.65886287625418
128,4,,
128,5,,
128,6,,
128,7,,
128,8,,
128,9,,
129,0,,
129,1,,
129,2,,
129,3,0.5518394648829431,17.65886287625418
129,4,,
129,5,,
129,6,,
129,7,,
129,8,,
129,9,,
130,0,,
130,1,,
130,2,,
130,3,0.391304347826087,18.06020066889632
130,4,,
130,5,,
130,6,,
130,7,,
130,8,,
130,9,,
131,0,,
131,1,,
131,2,,
131,3,0.6086956521739131,18.06020066889632
131,4,,
131,5,,
131,6,,
131,7,,
131,8,,
131,9,,
132,0,,
132,1,,
132,2,,
132,3,0.3745819397993311,18.26086956521739
132,4,,
132,5,,
132,6,,
132,7,,
132,8,,
132,9,,
133,0,,
133,1,,
133,2,,
133,3,0.6254180602006689,18.26086956521739
133,4,,
133,5,,
133,6,,
133,7,,
133,8,,
133,9,,
134,0,,
134,1,,
134,2,,
134,3,0.3277591973244147,19.06354515050167
134,4,,
134,5,,
134,6,,
134,7,,
134,8,0.3110367892976589,19.06354515050167
134,9,,
135,0,,
135,1,,
135,2,,
135,3,0.6722408026755853,19.06354515050167
135,4,,
135,5,,
135,6,,
135,7,,
135,8,0.6889632107023411,19.06354515050167
135,9,,
136,0,,
136,1,,
136,2,,
136,3,0.31438127090301005,19.665551839464882
136,4,,
136,5,,
136,6,,
136,7,,
136,8,0.3277591973244147,19.665551839464882
136,9,,
137,0,,
137,1,,
137,2,,
137,3,0.68561872909699,19.665551839464882
137,4,,
137,5,,
137,6,,
137,7,,
137,8,0.6722408026755853,19.665551839464882
137,9,,
138,0,,
138,1,,
138,2,,
138,3,0.3076923076923077,19.866220735785955
138,4,0.2909698996655518,19.866220735785955
138,5,0.28762541806020064,19.866220735785955
138,6,0.294314381270903,19.866220735785955
138,7,,
138,8,,
138,9,,
139,0,,
139,1,,
139,2,,
139,3,0.6923076923076923,19.866220735785955
139,4,0.7090301003344481,19.866220735785955
139,5,0.7123745819397993,19.866220735785955
139,6,0.705685618729097,19.866220735785955
139,7,,
139,8,,
139,9,,
140,0,,
140,1,,
140,2,,
140,3,0.7090301003344481,20.869565217391305
140,4,0.7123745819397993,20.869565217391305
140,5,0.705685618729097,20.869565217391305
140,6,,
140,7,,
140,8,,
140,9,,
141,0,,
141,1,,
141,2,,
141,3,0.2909698996655518,22.474916387959865
141,4,,
141,5,,
141,6,,
141,7,,
141,8,,
141,9,,
142,0,,
142,1,,
142,2,,
142,3,0.7090301003344481,22.474916387959865
142,4,,
142,5,,
142,6,,
142,7,,
142,8,,
142,9,,
143,0,,
143,1,,
143,2,,
143,3,0.29765886287625415,23.27759197324415
143,4,,
143,5,,
143,6,,
143,7,,
143,8,,
143,9,,
144,0,,
144,1,,
144,2,,
144,3,0.7023411371237458,23.27759197324415
144,4,,
144,5,,
144,6,,
144,7,,
144,8,,
144,9,,
145,0,,
145,1,,
145,2,,
145,3,0.44481605351170567,26.68896321070234
145,4,,
145,5,,
145,6,,
145,7,,
145,8,,
145,9,,
146,0,,
146,1,,
146,2,,
146,3,0.5551839464882943,26.68896321070234
146,4,,
146,5,,
146,6,,
146,7,,
146,8,,
146,9,,
147,0,,
147,1,,
147,2,,
147,3,0.49498327759197325,54.5819397993311
147,4,,
147,5,,
147,6,,
147,7,,
147,8,,
147,9,,
148,0,,
148,1,,
148,2,,
148,3,0.5050167224080268,54.5819397993311
148,4,,
148,5,,
148,6,,
148,7,,
148,8,,
148,9,,
149,0,,
149,1,,
149,2,,
149,3,0.39464882943143814,55.785953177257525
149,4,,
149,5,,
149,6,,
149,7,,
149,8,,
149,9,,
150,0,,
150,1,,
150,2,,
150,3,0.6053511705685619,55.785953177257525
150,4,,
150,5,,
150,6,,
150,7,,
150,8,,
150,9,,
151,0,,
151,1,,
151,2,,
151,3,0.3812709030100334,56.187290969899664
151,4,,
151,5,,
151,6,,
151,7,,
151,8,,
151,9,,
152,0,,
152,1,,
152,2,,
152,3,0.6187290969899666,56.187290969899664
152,4,,
152,5,,
152,6,,
152,7,,
152,8,,
152,9,,
153,0,,
153,1,,
153,2,,
153,3,0.3745819397993311,56.58862876254181
153,4,,
153,5,,
153,6,,
153,7,,
153,8,,
153,9,,
154,0,,
154,1,,
154,2,,
154,3,0.6254180602006689,56.58862876254181
154,4,,
154,5,,
154,6,,
154,7,,
154,8,,
154,9,,
155,0,,
155,1,,
155,2,,
155,3,,
155,4,0.42474916387959866,3.010033444816054
155,5,,
155,6,,
155,7,,
155,8,,
155,9,,
156,0,,
156,1,,
156,2,,
156,3,,
156,4,0.5752508361204013,3.010033444816054
156,5,,
156,6,,
156,7,,
156,8,,
156,9,,
157,0,,
157,1,,
157,2,,
157,3,,
157,4,0.3712374581939799,3.2107023411371234
157,5,,
157,6,,
157,7,,
157,8,,
157,9,,
158,0,,
158,1,,
158,2,,
158,3,,
158,4,0.6287625418060201,3.2107023411371234
158,5,,
158,6,,
158,7,,
158,8,,
158,9,,
159,0,,
159,1,,
159,2,,
159,3,,
159,4,0.3377926421404682,3.4113712374581944
159,5,,
159,6,0.31438127090301005,3.4113712374581944
159,7,,
159,8,,
159,9,,
160,0,,
160,1,,
160,2,,
160,3,,
160,4,0.6622073578595318,3.4113712374581944
160,5,,
160,6,0.68561872909699,3.4113712374581944
160,7,,
160,8,,
160,9,,
161,0,,
161,1,,
161,2,,
161,3,,
161,4,0.3177257525083612,3.6120401337792645
161,5,,
161,6,0.3311036789297659,3.6120401337792636
161,7,,
161,8,,
161,9,,
162,0,,
162,1,,
162,2,,
162,3,,
162,4,0.6822742474916388,3.6120401337792645
162,5,,
162,6,0.6688963210702341,3.6120401337792636
162,7,,
162,8,,
162,9,,
163,0,,
163,1,,
163,2,,
163,3,,
163,4,0.3010033444816054,4.013377926421406
163,5,0.3010033444816054,4.013377926421406
163,6,,
163,7,,
163,8,,
163,9,,
164,0,,
164,1,,
164,2,,
164,3,,
164,4,0.6989966555183946,4.013377926421406
164,5,0.6989966555183946,4.013377926421406
164,6,,
164,7,,
164,8,,
164,9,,
165,0,,
165,1,,
165,2,,
165,3,,
165,4,0.28762541806020064,4.615384615384617
165,5,,
165,6,,
165,7,,
165,8,,
165,9,,
166,0,,
166,1,,
166,2,,
166,3,,
166,4,0.7123745819397993,4.615384615384617
166,5,,
166,6,,
166,7,,
166,8,,
166,9,,
167,0,,
167,1,,
167,2,,
167,3,,
167,4,0.3511705685618729,5.819397993311037
167,5,,
167,6,,
167,7,,
167,8,,
167,9,,
168,0,,
168,1,,
168,2,,
168,3,,
168,4,0.6488294314381271,5.819397993311037
168,5,,
168,6,,
168,7,,
168,8,,
168,9,,
169,0,,
169,1,,
169,2,,
169,3,,
169,4,0.37792642140468224,6.020066889632108
169,5,,
169,6,,
169,7,,
169,8,,
169,9,,
170,0,,
170,1,,
170,2,,
170,3,,
170,4,0.6220735785953178,6.020066889632108
170,5,,
170,6,,
170,7,,
170,8,,
170,9,,
171,0,,
171,1,,
171,2,,
171,3,,
171,4,0.4214046822742475,6.2207357859531776
171,5,,
171,6,,
171,7,,
171,8,,
171,9,,
172,0,,
172,1,,
172,2,,
172,3,,
172,4,0.5785953177257525,6.2207357859531776
172,5,,
172,6,,
172,7,,
172,8,,
172,9,,
173,0,,
173,1,,
173,2,,
173,3,,
173,4,0.44816053511705684,16.65551839464883
173,5,,
173,6,,
173,7,,
173,8,,
173,9,,
174,0,,
174,1,,
174,2,,
174,3,,
174,4,0.5518394648829431,16.65551839464883
174,5,,
174,6,,
174,7,,
174,8,,
174,9,,
175,0,,
175,1,,
175,2,,
175,3,,
175,4,0.41471571906354515,16.8561872909699
175,5,,
175,6,,
175,7,,
175,8,,
175,9,,
176,0,,
176,1,,
176,2,,
176,3,,
176,4,0.5852842809364548,16.8561872909699
176,5,,
176,6,,
176,7,,
176,8,,
176,9,,
177,0,,
177,1,,
177,2,,
177,3,,
177,4,0.3745819397993311,17.25752508361204
177,5,,
177,6,,
177,7,,
177,8,,
177,9,,
178,0,,
178,1,,
178,2,,
178,3,,
178,4,0.6254180602006689,17.25752508361204
178,5,,
178,6,,
178,7,,
178,8,,
178,9,,
179,0,,
179,1,,
179,2,,
179,3,,
179,4,0.3277591973244147,18.06020066889632
179,5,,
179,6,,
179,7,,
179,8,,
179,9,0.3110367892976589,18.06020066889632
180,0,,
180,1,,
180,2,,
180,3,,
180,4,0.33444816053511706,18.06020066889632
180,5,,
180,6,,
180,7,,
180,8,,
180,9,,
181,0,,
181,1,,
181,2,,
181,3,,
181,4,0.6655518394648829,18.06020066889632
181,5,,
181,6,,
181,7,,
181,8,,
181,9,0.6889632107023411,18.06020066889632
182,0,,
182,1,,
182,2,,
182,3,,
182,4,0.6722408026755853,18.06020066889632
182,5,,
182,6,,
182,7,,
182,8,,
182,9,,
183,0,,
183,1,,
183,2,,
183,3,,
183,4,0.3210702341137124,18.26086956521739
183,5,,
183,6,,
183,7,,
183,8,0.29765886287625415,18.26086956521739
183,9,,
184,0,,
184,1,,
184,2,,
184,3,,
184,4,0.6789297658862876,18.26086956521739
184,5,,
184,6,,
184,7,,
184,8,0.7023411371237458,18.26086956521739
184,9,,
185,0,,
185,1,,
185,2,,
185,3,,
185,4,0.31438127090301005,18.662207357859533
185,5,,
185,6,,
185,7,,
185,8,,
185,9,0.3277591973244147,18.662207357859533
186,0,,
186,1,,
186,2,,
186,3,,
186,4,0.68561872909699,18.662207357859533
186,5,,
186,6,,
186,7,,
186,8,,
186,9,0.6722408026755853,18.662207357859533
187,0,,
187,1,,
187,2,,
187,3,,
187,4,0.3076923076923077,18.862876254180602
187,5,0.2909698996655518,18.862876254180602
187,6,0.28762541806020064,18.862876254180602
187,7,0.294314381270903,18.862876254180602
187,8,,
187,9,,
188,0,,
188,1,,
188,2,,
188,3,,
188,4,0.6923076923076923,18.862876254180602
188,5,0.7090301003344481,18.862876254180602
188,6,0.7123745819397993,18.862876254180602
188,7,0.705685618729097,18.862876254180602
188,8,,
188,9,,
189,0,,
189,1,,
189,2,,
189,3,,
189,4,0.2909698996655518,21.471571906354516
189,5,,
189,6,,
189,7,,
189,8,,
189,9,,
190,0,,
190,1,,
190,2,,
190,3,,
190,4,0.7090301003344481,21.471571906354516
190,5,,
190,6,,
190,7,,
190,8,,
190,9,,
191,0,,
191,1,,
191,2,,
191,3,,
191,4,0.29765886287625415,22.274247491638796
191,5,,
191,6,,
191,7,,
191,8,,
191,9,,
192,0,,
192,1,,
192,2,,
192,3,,
192,4,0.7023411371237458,22.274247491638796
192,5,,
192,6,,
192,7,,
192,8,,
192,9,,
193,0,,
193,1,,
193,2,,
193,3,,
193,4,0.3110367892976589,23.076923076923077
193,5,,
193,6,,
193,7,,
193,8,,
193,9,,
194,0,,
194,1,,
194,2,,
194,3,,
194,4,0.6889632107023411,23.076923076923077
194,5,,
194,6,,
194,7,,
194,8,,
194,9,,
195,0,,
195,1,,
195,2,,
195,3,,
195,4,0.3511705685618729,24.48160535117057
195,5,,
195,6,,
195,7,,
195,8,,
195,9,,
196,0,,
196,1,,
196,2,,
196,3,,
196,4,0.35785953177257523,24.48160535117057
196,5,,
196,6,,
196,7,,
196,8,,
196,9,,
197,0,,
197,1,,
197,2,,
197,3,,
197,4,0.6421404682274248,24.48160535117057
197,5,,
197,6,,
197,7,,
197,8,,
197,9,,
198,0,,
198,1,,
198,2,,
198,3,,
198,4,0.6488294314381271,24.48160535117057
198,5,,
198,6,,
198,7,,
198,8,,
198,9,,
199,0,,
199,1,,
199,2,,
199,3,,
199,4,0.3745819397993311,24.88294314381271
199,5,,
199,6,,
199,7,,
199,8,,
199,9,,
200,0,,
200,1,,
200,2,,
200,3,,
200,4,0.6254180602006689,24.88294314381271
200,5,,
200,6,,
200,7,,
200,8,,
200,9,,
201,0,,
201,1,,
201,2,,
201,3,,
201,4,0.4013377926421405,25.28428093645485
201,5,,
201,6,,
201,7,,
201,8,,
201,9,,
202,0,,
202,1,,
202,2,,
202,3,,
202,4,0.5986622073578595,25.28428093645485
202,5,,
202,6,,
202,7,,
202,8,,
202,9,,
203,0,,
203,1,,
203,2,,
203,3,,
203,4,0.44481605351170567,25.68561872909699
203,5,,
203,6,,
203,7,,
203,8,,
203,9,,
204,0,,
204,1,,
204,2,,
204,3,,
204,4,0.5551839464882943,25.68561872909699
204,5,,
204,6,,
204,7,,
204,8,,
204,9,,
205,0,,
205,1,,
205,2,,
205,3,,
205,4,0.4983277591973244,53.57859531772576
205,5,,
205,6,,
205,7,,
205,8,,
205,9,,
206,0,,
206,1,,
206,2,,
206,3,,
206,4,0.3812709030100334,55.18394648829432
206,5,,
206,6,,
206,7,,
206,8,,
206,9,,
207,0,,
207,1,,
207,2,,
207,3,,
207,4,0.6187290969899666,55.18394648829432
207,5,,
207,6,,
207,7,,
207,8,,
207,9,,
208,0,,
208,1,,
208,2,,
208,3,,
208,4,,
208,5,0.4280936454849498,2.006688963210703
208,6,,
208,7,,
208,8,,
208,9,,
209,0,,
209,1,,
209,2,,
209,3,,
209,4,,
209,5,0.5719063545150501,2.006688963210703
209,6,,
209,7,,
209,8,,
209,9,,
210,0,,
210,1,,
210,2,,
210,3,,
210,4,,
210,5,0.3712374581939799,2.207357859531772
210,6,,
210,7,,
210,8,,
210,9,,
211,0,,
211,1,,
211,2,,
211,3,,
211,4,,
211,5,0.6287625418060201,2.207357859531772
211,6,,
211,7,,
211,8,,
211,9,,
212,0,,
212,1,,
212,2,,
212,3,,
212,4,,
212,5,0.3377926421404682,2.408026755852843
212,6,,
212,7,,
212,8,,
212,9,,
213,0,,
213,1,,
213,2,,
213,3,,
213,4,,
213,5,0.6622073578595318,2.408026755852843
213,6,,
213,7,,
213,8,,
213,9,,
214,0,,
214,1,,
214,2,,
214,3,,
214,4,,
214,5,0.3177257525083612,2.608695652173913
214,6,,
214,7,0.3311036789297659,2.608695652173914
214,8,,
214,9,,
215,0,,
215,1,,
215,2,,
215,3,,
215,4,,
215,5,0.6822742474916388,2.608695652173913
215,6,,
215,7,0.6688963210702341,2.608695652173914
215,8,,
215,9,,
216,0,,
216,1,,
216,2,,
216,3,,
216,4,,
216,5,0.3010033444816054,3.010033444816054
216,6,0.3010033444816054,3.010033444816054
216,7,,
216,8,,
216,9,,
217,0,,
217,1,,
217,2,,
217,3,,
217,4,,
217,5,0.6989966555183946,3.010033444816054
217,6,0.6989966555183946,3.010033444816054
217,7,,
217,8,,
217,9,,
218,0,,
218,1,,
218,2,,
218,3,,
218,4,,
218,5,0.28762541806020064,3.6120401337792636
218,6,,
218,7,,
218,8,,
218,9,,
219,0,,
219,1,,
219,2,,
219,3,,
219,4,,
219,5,0.7123745819397993,3.6120401337792636
219,6,,
219,7,,
219,8,,
219,9,,
220,0,,
220,1,,
220,2,,
220,3,,
220,4,,
220,5,0.3511705685618729,4.816053511705686
220,6,,
220,7,,
220,8,,
220,9,,
221,0,,
221,1,,
221,2,,
221,3,,
221,4,,
221,5,0.6488294314381271,4.816053511705686
221,6,,
221,7,,
221,8,,
221,9,,
222,0,,
222,1,,
222,2,,
222,3,,
222,4,,
222,5,0.37792642140468224,5.016722408026755
222,6,,
222,7,,
222,8,,
222,9,,
223,0,,
223,1,,
223,2,,
223,3,,
223,4,,
223,5,0.6220735785953178,5.016722408026755
223,6,,
223,7,,
223,8,,
223,9,,
224,0,,
224,1,,
224,2,,
224,3,,
224,4,,
224,5,0.4214046822742475,5.217391304347826
224,6,,
224,7,,
224,8,,
224,9,,
225,0,,
225,1,,
225,2,,
225,3,,
225,4,,
225,5,0.5785953177257525,5.217391304347826
225,6,,
225,7,,
225,8,,
225,9,,
226,0,,
226,1,,
226,2,,
226,3,,
226,4,,
226,5,0.44816053511705684,15.652173913043477
226,6,,
226,7,,
226,8,,
226,9,,
227,0,,
227,1,,
227,2,,
227,3,,
227,4,,
227,5,0.5518394648829431,15.652173913043477
227,6,,
227,7,,
227,8,,
227,9,,
228,0,,
228,1,,
228,2,,
228,3,,
228,4,,
228,5,0.41471571906354515,15.85284280936455
228,6,,
228,7,,
228,8,,
228,9,,
229,0,,
229,1,,
229,2,,
229,3,,
229,4,,
229,5,0.5852842809364548,15.85284280936455
229,6,,
229,7,,
229,8,,
229,9,,
230,0,,
230,1,,
230,2,,
230,3,,
230,4,,
230,5,0.3612040133779264,16.45484949832776
230,6,,
230,7,,
230,8,,
230,9,,
231,0,,
231,1,,
231,2,,
231,3,,
231,4,,
231,5,0.6387959866220736,16.45484949832776
231,6,,
231,7,,
231,8,,
231,9,,
232,0,,
232,1,,
232,2,,
232,3,,
232,4,,
232,5,0.3277591973244147,17.056856187290972
232,6,,
232,7,,
232,8,,
232,9,,
233,0,,
233,1,,
233,2,,
233,3,,
233,4,,
233,5,0.33444816053511706,17.056856187290972
233,6,,
233,7,,
233,8,,
233,9,,
234,0,,
234,1,,
234,2,,
234,3,,
234,4,,
234,5,0.6655518394648829,17.056856187290972
234,6,,
234,7,,
234,8,,
234,9,,
235,0,,
235,1,,
235,2,,
235,3,,
235,4,,
235,5,0.6722408026755853,17.056856187290972
235,6,,
235,7,,
235,8,,
235,9,,
236,0,,
236,1,,
236,2,,
236,3,,
236,4,,
236,5,0.3210702341137124,17.25752508361204
236,6,,
236,7,,
236,8,,
236,9,0.29765886287625415,17.25752508361204
237,0,,
237,1,,
237,2,,
237,3,,
237,4,,
237,5,0.6789297658862876,17.25752508361204
237,6,,
237,7,,
237,8,,
237,9,0.7023411371237458,17.25752508361204
238,0,,
238,1,,
238,2,,
238,3,,
238,4,,
238,5,0.31438127090301005,17.65886287625418
238,6,,
238,7,,
238,8,,
238,9,,
239,0,,
239,1,,
239,2,,
239,3,,
239,4,,
239,5,0.68561872909699,17.65886287625418
239,6,,
239,7,,
239,8,,
239,9,,
240,0,,
240,1,,
240,2,,
240,3,,
240,4,,
240,5,0.3076923076923077,17.859531772575252
240,6,0.2909698996655518,17.859531772575252
240,7,0.28762541806020064,17.859531772575252
240,8,0.294314381270903,17.859531772575252
240,9,,
241,0,,
241,1,,
241,2,,
241,3,,
241,4,,
241,5,0.6923076923076923,17.859531772575252
241,6,0.7090301003344481,17.859531772575252
241,7,0.7123745819397993,17.859531772575252
241,8,0.705685618729097,17.859531772575252
241,9,,
242,0,,
242,1,,
242,2,,
242,3,,
242,4,,
242,5,0.2909698996655518,20.468227424749163
242,6,,
242,7,,
242,8,,
242,9,,
243,0,,
243,1,,
243,2,,
243,3,,
243,4,,
243,5,0.7090301003344481,20.468227424749163
243,6,,
243,7,,
243,8,,
243,9,,
244,0,,
244,1,,
244,2,,
244,3,,
244,4,,
244,5,0.29765886287625415,21.270903010033447
244,6,,
244,7,,
244,8,,
244,9,,
245,0,,
245,1,,
245,2,,
245,3,,
245,4,,
245,5,0.7023411371237458,21.270903010033447
245,6,,
245,7,,
245,8,,
245,9,,
246,0,,
246,1,,
246,2,,
246,3,,
246,4,,
246,5,0.3110367892976589,22.073578595317727
246,6,,
246,7,,
246,8,,
246,9,,
247,0,,
247,1,,
247,2,,
247,3,,
247,4,,
247,5,0.6889632107023411,22.073578595317727
247,6,,
247,7,,
247,8,,
247,9,,
248,0,,
248,1,,
248,2,,
248,3,,
248,4,,
248,5,0.3511705685618729,23.47826086956522
248,6,,
248,7,,
248,8,,
248,9,,
249,0,,
249,1,,
249,2,,
249,3,,
249,4,,
249,5,0.35785953177257523,23.47826086956522
249,6,,
249,7,,
249,8,,
249,9,,
250,0,,
250,1,,
250,2,,
250,3,,
250,4,,
250,5,0.6421404682274248,23.47826086956522
250,6,,
250,7,,
250,8,,
250,9,,
251,0,,
251,1,,
251,2,,
251,3,,
251,4,,
251,5,0.6488294314381271,23.47826086956522
251,6,,
251,7,,
251,8,,
251,9,,
252,0,,
252,1,,
252,2,,
252,3,,
252,4,,
252,5,0.4983277591973244,52.575250836120404
252,6,,
252,7,,
252,8,,
252,9,,
253,0,,
253,1,,
253,2,,
253,3,,
253,4,,
253,5,0.3812709030100334,54.180602006688964
253,6,,
253,7,,
253,8,,
253,9,,
254,0,,
254,1,,
254,2,,
254,3,,
254,4,,
254,5,0.6187290969899666,54.180602006688964
254,6,,
254,7,,
254,8,,
254,9,,
255,0,,
255,1,,
255,2,,
255,3,,
255,4,,
255,5,,
255,6,0.4280936454849498,1.0033444816053514
255,7,,
255,8,,
255,9,,
256,0,,
256,1,,
256,2,,
256,3,,
256,4,,
256,5,,
256,6,0.5719063545150501,1.0033444816053514
256,7,,
256,8,,
256,9,,
257,0,,
257,1,,
257,2,,
257,3,,
257,4,,
257,5,,
257,6,0.3712374581939799,1.2040133779264215
257,7,,
257,8,,
257,9,,
258,0,,
258,1,,
258,2,,
258,3,,
258,4,,
258,5,,
258,6,0.6287625418060201,1.2040133779264215
258,7,,
258,8,,
258,9,,
259,0,,
259,1,,
259,2,,
259,3,,
259,4,,
259,5,,
259,6,0.3411371237458194,1.4046822742474916
259,7,,
259,8,,
259,9,,
260,0,,
260,1,,
260,2,,
260,3,,
260,4,,
260,5,,
260,6,0.6588628762541806,1.4046822742474916
260,7,,
260,8,,
260,9,,
261,0,,
261,1,,
261,2,,
261,3,,
261,4,,
261,5,,
261,6,0.3177257525083612,1.6053511705685617
261,7,,
261,8,0.3311036789297659,1.6053511705685626
261,9,,
262,0,,
262,1,,
262,2,,
262,3,,
262,4,,
262,5,,
262,6,0.6822742474916388,1.6053511705685617
262,7,,
262,8,0.6688963210702341,1.6053511705685626
262,9,,
263,0,,
263,1,,
263,2,,
263,3,,
263,4,,
263,5,,
263,6,0.3010033444816054,2.006688963210703
263,7,0.3010033444816054,2.006688963210703
263,8,,
263,9,,
264,0,,
264,1,,
264,2,,
264,3,,
264,4,,
264,5,,
264,6,0.6989966555183946,2.006688963210703
264,7,0.6989966555183946,2.006688963210703
264,8,,
264,9,,
265,0,,
265,1,,
265,2,,
265,3,,
265,4,,
265,5,,
265,6,0.28762541806020064,2.608695652173914
265,7,,
265,8,,
265,9,,
266,0,,
266,1,,
266,2,,
266,3,,
266,4,,
266,5,,
266,6,0.7123745819397993,2.608695652173914
266,7,,
266,8,,
266,9,,
267,0,,
267,1,,
267,2,,
267,3,,
267,4,,
267,5,,
267,6,0.3511705685618729,3.8127090301003346
267,7,,
267,8,,
267,9,,
268,0,,
268,1,,
268,2,,
268,3,,
268,4,,
268,5,,
268,6,0.6488294314381271,3.8127090301003346
268,7,,
268,8,,
268,9,,
269,0,,
269,1,,
269,2,,
269,3,,
269,4,,
269,5,,
269,6,0.37792642140468224,4.013377926421406
269,7,,
269,8,,
269,9,,
270,0,,
270,1,,
270,2,,
270,3,,
270,4,,
270,5,,
270,6,0.6220735785953178,4.013377926421406
270,7,,
270,8,,
270,9,,
271,0,,
271,1,,
271,2,,
271,3,,
271,4,,
271,5,,
271,6,0.4180602006688963,4.214046822742475
271,7,,
271,8,,
271,9,,
272,0,,
272,1,,
272,2,,
272,3,,
272,4,,
272,5,,
272,6,0.5819397993311036,4.214046822742475
272,7,,
272,8,,
272,9,,
273,0,,
273,1,,
273,2,,
273,3,,
273,4,,
273,5,,
273,6,0.451505016722408,14.648829431438127
273,7,,
273,8,,
273,9,,
274,0,,
274,1,,
274,2,,
274,3,,
274,4,,
274,5,,
274,6,0.5484949832775919,14.648829431438127
274,7,,
274,8,,
274,9,,
275,0,,
275,1,,
275,2,,
275,3,,
275,4,,
275,5,,
275,6,0.41471571906354515,14.8494983277592
275,7,,
275,8,,
275,9,,
276,0,,
276,1,,
276,2,,
276,3,,
276,4,,
276,5,,
276,6,0.5852842809364548,14.8494983277592
276,7,,
276,8,,
276,9,,
277,0,,
277,1,,
277,2,,
277,3,,
277,4,,
277,5,,
277,6,0.3612040133779264,15.451505016722408
277,7,,
277,8,,
277,9,,
278,0,,
278,1,,
278,2,,
278,3,,
278,4,,
278,5,,
278,6,0.6387959866220736,15.451505016722408
278,7,,
278,8,,
278,9,,
279,0,,
279,1,,
279,2,,
279,3,,
279,4,,
279,5,,
279,6,0.33444816053511706,16.05351170568562
279,7,,
279,8,,
279,9,,
280,0,,
280,1,,
280,2,,
280,3,,
280,4,,
280,5,,
280,6,0.6655518394648829,16.05351170568562
280,7,,
280,8,,
280,9,,
281,0,,
281,1,,
281,2,,
281,3,,
281,4,,
281,5,,
281,6,0.3210702341137124,16.254180602006688
281,7,,
281,8,,
281,9,,
282,0,,
282,1,,
282,2,,
282,3,,
282,4,,
282,5,,
282,6,0.3277591973244147,16.254180602006688
282,7,,
282,8,,
282,9,,
283,0,,
283,1,,
283,2,,
283,3,,
283,4,,
283,5,,
283,6,0.6722408026755853,16.254180602006688
283,7,,
283,8,,
283,9,,
284,0,,
284,1,,
284,2,,
284,3,,
284,4,,
284,5,,
284,6,0.6789297658862876,16.254180602006688
284,7,,
284,8,,
284,9,,
285,0,,
285,1,,
285,2,,
285,3,,
285,4,,
285,5,,
285,6,0.31438127090301005,16.65551839464883
285,7,,
285,8,,
285,9,,
286,0,,
286,1,,
286,2,,
286,3,,
286,4,,
286,5,,
286,6,0.68561872909699,16.65551839464883
286,7,,
286,8,,
286,9,,
287,0,,
287,1,,
287,2,,
287,3,,
287,4,,
287,5,,
287,6,0.3076923076923077,16.8561872909699
287,7,0.2909698996655518,16.8561872909699
287,8,0.28762541806020064,16.8561872909699
287,9,0.294314381270903,16.8561872909699
288,0,,
288,1,,
288,2,,
288,3,,
288,4,,
288,5,,
288,6,0.6923076923076923,16.8561872909699
288,7,0.7090301003344481,16.8561872909699
288,8,0.7123745819397993,16.8561872909699
288,9,0.705685618729097,16.8561872909699
289,0,,
289,1,,
289,2,,
289,3,,
289,4,,
289,5,,
289,6,0.2909698996655518,19.464882943143813
289,7,,
289,8,,
289,9,,
290,0,,
290,1,,
290,2,,
290,3,,
290,4,,
290,5,,
290,6,0.7090301003344481,19.464882943143813
290,7,,
290,8,,
290,9,,
291,0,,
291,1,,
291,2,,
291,3,,
291,4,,
291,5,,
291,6,0.29765886287625415,20.267558528428093
291,7,,
291,8,,
291,9,,
292,0,,
292,1,,
292,2,,
292,3,,
292,4,,
292,5,,
292,6,0.7023411371237458,20.267558528428093
292,7,,
292,8,,
292,9,,
293,0,,
293,1,,
293,2,,
293,3,,
293,4,,
293,5,,
293,6,0.3110367892976589,21.070234113712374
293,7,,
293,8,,
293,9,,
294,0,,
294,1,,
294,2,,
294,3,,
294,4,,
294,5,,
294,6,0.6889632107023411,21.070234113712374
294,7,,
294,8,,
294,9,,
295,0,,
295,1,,
295,2,,
295,3,,
295,4,,
295,5,,
295,6,0.4983277591973244,23.879598662207357
295,7,,
295,8,,
295,9,,
296,0,,
296,1,,
296,2,,
296,3,,
296,4,,
296,5,,
296,6,0.4983277591973244,51.57190635451505
296,7,,
296,8,,
296,9,,
297,0,,
297,1,,
297,2,,
297,3,,
297,4,,
297,5,,
297,6,0.3879598662207358,52.97658862876254
297,7,,
297,8,,
297,9,,
298,0,,
298,1,,
298,2,,
298,3,,
298,4,,
298,5,,
298,6,0.39464882943143814,52.97658862876254
298,7,,
298,8,,
298,9,,
299,0,,
299,1,,
299,2,,
299,3,,
299,4,,
299,5,,
299,6,0.6053511705685619,52.97658862876254
299,7,,
299,8,,
299,9,,
300,0,,
300,1,,
300,2,,
300,3,,
300,4,,
300,5,,
300,6,0.6120401337792643,52.97658862876254
300,7,,
300,8,,
300,9,,
301,0,,
301,1,,
301,2,,
301,3,,
301,4,,
301,5,,
301,6,0.3812709030100334,53.37792642140468
301,7,,
301,8,,
301,9,,
302,0,,
302,1,,
302,2,,
302,3,,
302,4,,
302,5,,
302,6,0.6187290969899666,53.37792642140468
302,7,,
302,8,,
302,9,,
303,0,,
303,1,,
303,2,,
303,3,,
303,4,,
303,5,,
303,6,,
303,7,0.431438127090301,0.0
303,8,,
303,9,,
304,0,,
304,1,,
304,2,,
304,3,,
304,4,,
304,5,,
304,6,,
304,7,0.568561872909699,0.0
304,8,,
304,9,,
305,0,,
305,1,,
305,2,,
305,3,,
305,4,,
305,5,,
305,6,,
305,7,0.3712374581939799,0.2006688963210701
305,8,,
305,9,,
306,0,,
306,1,,
306,2,,
306,3,,
306,4,,
306,5,,
306,6,,
306,7,0.6287625418060201,0.2006688963210701
306,8,,
306,9,,
307,0,,
307,1,,
307,2,,
307,3,,
307,4,,
307,5,,
307,6,,
307,7,0.3411371237458194,0.4013377926421402
307,8,,
307,9,,
308,0,,
308,1,,
308,2,,
308,3,,
308,4,,
308,5,,
308,6,,
308,7,0.6588628762541806,0.4013377926421402
308,8,,
308,9,,
309,0,,
309,1,,
309,2,,
309,3,,
309,4,,
309,5,,
309,6,,
309,7,0.3177257525083612,0.6020066889632112
309,8,,
309,9,0.3311036789297659,0.6020066889632112
310,0,,
310,1,,
310,2,,
310,3,,
310,4,,
310,5,,
310,6,,
310,7,0.6822742474916388,0.6020066889632112
310,8,,
310,9,0.6688963210702341,0.6020066889632112
311,0,,
311,1,,
311,2,,
311,3,,
311,4,,
311,5,,
311,6,,
311,7,0.28762541806020064,1.6053511705685626
311,8,,
311,9,,
312,0,,
312,1,,
312,2,,
312,3,,
312,4,,
312,5,,
312,6,,
312,7,0.7123745819397993,1.6053511705685626
312,8,,
312,9,,
313,0,,
313,1,,
313,2,,
313,3,,
313,4,,
313,5,,
313,6,,
313,7,0.3511705685618729,2.809364548494983
313,8,,
313,9,,
314,0,,
314,1,,
314,2,,
314,3,,
314,4,,
314,5,,
314,6,,
314,7,0.6488294314381271,2.809364548494983
314,8,,
314,9,,
315,0,,
315,1,,
315,2,,
315,3,,
315,4,,
315,5,,
315,6,,
315,7,0.4180602006688963,3.2107023411371234
315,8,,
315,9,,
316,0,,
316,1,,
316,2,,
316,3,,
316,4,,
316,5,,
316,6,,
316,7,0.5819397993311036,3.2107023411371234
316,8,,
316,9,,
317,0,,
317,1,,
317,2,,
317,3,,
317,4,,
317,5,,
317,6,,
317,7,0.451505016722408,13.645484949832777
317,8,,
317,9,,
318,0,,
318,1,,
318,2,,
318,3,,
318,4,,
318,5,,
318,6,,
318,7,0.5484949832775919,13.645484949832777
318,8,,
318,9,,
319,0,,
319,1,,
319,2,,
319,3,,
319,4,,
319,5,,
319,6,,
319,7,0.41471571906354515,13.846153846153847
319,8,,
319,9,,
320,0,,
320,1,,
320,2,,
320,3,,
320,4,,
320,5,,
320,6,,
320,7,0.5852842809364548,13.846153846153847
320,8,,
320,9,,
321,0,,
321,1,,
321,2,,
321,3,,
321,4,,
321,5,,
321,6,,
321,7,0.3612040133779264,14.448160535117058
321,8,,
321,9,,
322,0,,
322,1,,
322,2,,
322,3,,
322,4,,
322,5,,
322,6,,
322,7,0.6387959866220736,14.448160535117058
322,8,,
322,9,,
323,0,,
323,1,,
323,2,,
323,3,,
323,4,,
323,5,,
323,6,,
323,7,0.33444816053511706,15.050167224080269
323,8,,
323,9,,
324,0,,
324,1,,
324,2,,
324,3,,
324,4,,
324,5,,
324,6,,
324,7,0.6655518394648829,15.050167224080269
324,8,,
324,9,,
325,0,,
325,1,,
325,2,,
325,3,,
325,4,,
325,5,,
325,6,,
325,7,0.3210702341137124,15.250836120401338
325,8,,
325,9,,
326,0,,
326,1,,
326,2,,
326,3,,
326,4,,
326,5,,
326,6,,
326,7,0.3277591973244147,15.250836120401338
326,8,,
326,9,,
327,0,,
327,1,,
327,2,,
327,3,,
327,4,,
327,5,,
327,6,,
327,7,0.6722408026755853,15.250836120401338
327,8,,
327,9,,
328,0,,
328,1,,
328,2,,
328,3,,
328,4,,
328,5,,
328,6,,
328,7,0.6789297658862876,15.250836120401338
328,8,,
328,9,,
329,0,,
329,1,,
329,2,,
329,3,,
329,4,,
329,5,,
329,6,,
329,7,0.31438127090301005,15.652173913043477
329,8,,
329,9,,
330,0,,
330,1,,
330,2,,
330,3,,
330,4,,
330,5,,
330,6,,
330,7,0.68561872909699,15.652173913043477
330,8,,
330,9,,
331,0,,
331,1,,
331,2,,
331,3,,
331,4,,
331,5,,
331,6,,
331,7,0.3076923076923077,15.85284280936455
331,8,0.2909698996655518,15.85284280936455
331,9,0.28762541806020064,15.85284280936455
332,0,,
332,1,,
332,2,,
332,3,,
332,4,,
332,5,,
332,6,,
332,7,0.6923076923076923,15.85284280936455
332,8,0.7090301003344481,15.85284280936455
332,9,0.7123745819397993,15.85284280936455
333,0,,
333,1,,
333,2,,
333,3,,
333,4,,
333,5,,
333,6,,
333,7,0.2909698996655518,18.461538461538463
333,8,,
333,9,,
334,0,,
334,1,,
334,2,,
334,3,,
334,4,,
334,5,,
334,6,,
334,7,0.7090301003344481,18.461538461538463
334,8,,
334,9,,
335,0,,
335,1,,
335,2,,
335,3,,
335,4,,
335,5,,
335,6,,
335,7,0.29765886287625415,19.264214046822744
335,8,,
335,9,,
336,0,,
336,1,,
336,2,,
336,3,,
336,4,,
336,5,,
336,6,,
336,7,0.7023411371237458,19.264214046822744
336,8,,
336,9,,
337,0,,
337,1,,
337,2,,
337,3,,
337,4,,
337,5,,
337,6,,
337,7,0.3110367892976589,20.066889632107024
337,8,,
337,9,,
338,0,,
338,1,,
338,2,,
338,3,,
338,4,,
338,5,,
338,6,,
338,7,0.6889632107023411,20.066889632107024
338,8,,
338,9,,
339,0,,
339,1,,
339,2,,
339,3,,
339,4,,
339,5,,
339,6,,
339,7,0.33444816053511706,20.869565217391305
339,8,,
339,9,,
340,0,,
340,1,,
340,2,,
340,3,,
340,4,,
340,5,,
340,6,,
340,7,0.6655518394648829,20.869565217391305
340,8,,
340,9,,
341,0,,
341,1,,
341,2,,
341,3,,
341,4,,
341,5,,
341,6,,
341,7,0.4180602006688963,22.474916387959865
341,8,,
341,9,,
342,0,,
342,1,,
342,2,,
342,3,,
342,4,,
342,5,,
342,6,,
342,7,0.5819397993311036,22.474916387959865
342,8,,
342,9,,
343,0,,
343,1,,
343,2,,
343,3,,
343,4,,
343,5,,
343,6,,
343,7,0.4414715719063545,22.67558528428094
343,8,,
343,9,,
344,0,,
344,1,,
344,2,,
344,3,,
344,4,,
344,5,,
344,6,,
344,7,0.5585284280936454,22.67558528428094
344,8,,
344,9,,
345,0,,
345,1,,
345,2,,
345,3,,
345,4,,
345,5,,
345,6,,
345,7,0.4983277591973244,22.876254180602007
345,8,,
345,9,,
346,0,,
346,1,,
346,2,,
346,3,,
346,4,,
346,5,,
346,6,,
346,7,0.4983277591973244,50.5685618729097
346,8,,
346,9,,
347,0,,
347,1,,
347,2,,
347,3,,
347,4,,
347,5,,
347,6,,
347,7,0.3879598662207358,51.97324414715719
347,8,,
347,9,,
348,0,,
348,1,,
348,2,,
348,3,,
348,4,,
348,5,,
348,6,,
348,7,0.39464882943143814,51.97324414715719
348,8,,
348,9,,
349,0,,
349,1,,
349,2,,
349,3,,
349,4,,
349,5,,
349,6,,
349,7,0.6053511705685619,51.97324414715719
349,8,,
349,9,,
350,0,,
350,1,,
350,2,,
350,3,,
350,4,,
350,5,,
350,6,,
350,7,0.6120401337792643,51.97324414715719
350,8,,
350,9,,
351,0,,
351,1,,
351,2,,
351,3,,
351,4,,
351,5,,
351,6,,
351,7,0.3812709030100334,52.374581939799334
351,8,,
351,9,,
352,0,,
352,1,,
352,2,,
352,3,,
352,4,,
352,5,,
352,6,,
352,7,0.6187290969899666,52.374581939799334
352,8,,
352,9,,
353,0,,
353,1,,
353,2,,
353,3,,
353,4,,
353,5,,
353,6,,
353,7,0.35785953177257523,53.17725752508361
353,8,,
353,9,,
354,0,,
354,1,,
354,2,,
354,3,,
354,4,,
354,5,,
354,6,,
354,7,0.6421404682274248,53.17725752508361
354,8,,
354,9,,
355,0,,
355,1,,
355,2,,
355,3,,
355,4,,
355,5,,
355,6,,
355,7,,
355,8,0.294314381270903,0.0
355,9,0.3010033444816054,0.0
356,0,,
356,1,,
356,2,,
356,3,,
356,4,,
356,5,,
356,6,,
356,7,,
356,8,0.705685618729097,0.0
356,9,0.6989966555183946,0.0
357,0,,
357,1,,
357,2,,
357,3,,
357,4,,
357,5,,
357,6,,
357,7,,
357,8,0.28762541806020064,0.6020066889632112
357,9,,
358,0,,
358,1,,
358,2,,
358,3,,
358,4,,
358,5,,
358,6,,
358,7,,
358,8,0.7123745819397993,0.6020066889632112
358,9,,
359,0,,
359,1,,
359,2,,
359,3,,
359,4,,
359,5,,
359,6,,
359,7,,
359,8,0.3010033444816054,1.0033444816053514
359,9,,
360,0,,
360,1,,
360,2,,
360,3,,
360,4,,
360,5,,
360,6,,
360,7,,
360,8,0.6989966555183946,1.0033444816053514
360,9,,
361,0,,
361,1,,
361,2,,
361,3,,
361,4,,
361,5,,
361,6,,
361,7,,
361,8,0.3511705685618729,1.8060200668896318
361,9,,
362,0,,
362,1,,
362,2,,
362,3,,
362,4,,
362,5,,
362,6,,
362,7,,
362,8,0.6488294314381271,1.8060200668896318
362,9,,
363,0,,
363,1,,
363,2,,
363,3,,
363,4,,
363,5,,
363,6,,
363,7,,
363,8,0.4180602006688963,2.207357859531772
363,9,,
364,0,,
364,1,,
364,2,,
364,3,,
364,4,,
364,5,,
364,6,,
364,7,,
364,8,0.5819397993311036,2.207357859531772
364,9,,
365,0,,
365,1,,
365,2,,
365,3,,
365,4,,
365,5,,
365,6,,
365,7,,
365,8,0.451505016722408,12.642140468227424
365,9,,
366,0,,
366,1,,
366,2,,
366,3,,
366,4,,
366,5,,
366,6,,
366,7,,
366,8,0.5484949832775919,12.642140468227424
366,9,,
367,0,,
367,1,,
367,2,,
367,3,,
367,4,,
367,5,,
367,6,,
367,7,,
367,8,0.41471571906354515,12.842809364548494
367,9,,
368,0,,
368,1,,
368,2,,
368,3,,
368,4,,
368,5,,
368,6,,
368,7,,
368,8,0.5852842809364548,12.842809364548494
368,9,,
369,0,,
369,1,,
369,2,,
369,3,,
369,4,,
369,5,,
369,6,,
369,7,,
369,8,0.3612040133779264,13.444816053511708
369,9,,
370,0,,
370,1,,
370,2,,
370,3,,
370,4,,
370,5,,
370,6,,
370,7,,
370,8,0.6387959866220736,13.444816053511708
370,9,,
371,0,,
371,1,,
371,2,,
371,3,,
371,4,,
371,5,,
371,6,,
371,7,,
371,8,0.33444816053511706,14.046822742474916
371,9,,
372,0,,
372,1,,
372,2,,
372,3,,
372,4,,
372,5,,
372,6,,
372,7,,
372,8,0.6655518394648829,14.046822742474916
372,9,,
373,0,,
373,1,,
373,2,,
373,3,,
373,4,,
373,5,,
373,6,,
373,7,,
373,8,0.3277591973244147,14.247491638795985
373,9,,
374,0,,
374,1,,
374,2,,
374,3,,
374,4,,
374,5,,
374,6,,
374,7,,
374,8,0.6722408026755853,14.247491638795985
374,9,,
375,0,,
375,1,,
375,2,,
375,3,,
375,4,,
375,5,,
375,6,,
375,7,,
375,8,0.3210702341137124,14.448160535117058
375,9,,
376,0,,
376,1,,
376,2,,
376,3,,
376,4,,
376,5,,
376,6,,
376,7,,
376,8,0.6789297658862876,14.448160535117058
376,9,,
377,0,,
377,1,,
377,2,,
377,3,,
377,4,,
377,5,,
377,6,,
377,7,,
377,8,0.31438127090301005,14.648829431438127
377,9,,
378,0,,
378,1,,
378,2,,
378,3,,
378,4,,
378,5,,
378,6,,
378,7,,
378,8,0.68561872909699,14.648829431438127
378,9,,
379,0,,
379,1,,
379,2,,
379,3,,
379,4,,
379,5,,
379,6,,
379,7,,
379,8,0.3076923076923077,14.8494983277592
379,9,0.2909698996655518,14.8494983277592
380,0,,
380,1,,
380,2,,
380,3,,
380,4,,
380,5,,
380,6,,
380,7,,
380,8,0.6923076923076923,14.8494983277592
380,9,0.7090301003344481,14.8494983277592
381,0,,
381,1,,
381,2,,
381,3,,
381,4,,
381,5,,
381,6,,
381,7,,
381,8,0.2909698996655518,17.45819397993311
381,9,,
382,0,,
382,1,,
382,2,,
382,3,,
382,4,,
382,5,,
382,6,,
382,7,,
382,8,0.7090301003344481,17.45819397993311
382,9,,
383,0,,
383,1,,
383,2,,
383,3,,
383,4,,
383,5,,
383,6,,
383,7,,
383,8,0.33444816053511706,19.866220735785955
383,9,,
384,0,,
384,1,,
384,2,,
384,3,,
384,4,,
384,5,,
384,6,,
384,7,,
384,8,0.6655518394648829,19.866220735785955
384,9,,
385,0,,
385,1,,
385,2,,
385,3,,
385,4,,
385,5,,
385,6,,
385,7,,
385,8,0.3411371237458194,20.066889632107024
385,9,,
386,0,,
386,1,,
386,2,,
386,3,,
386,4,,
386,5,,
386,6,,
386,7,,
386,8,0.6588628762541806,20.066889632107024
386,9,,
387,0,,
387,1,,
387,2,,
387,3,,
387,4,,
387,5,,
387,6,,
387,7,,
387,8,0.4180602006688963,21.471571906354516
387,9,,
388,0,,
388,1,,
388,2,,
388,3,,
388,4,,
388,5,,
388,6,,
388,7,,
388,8,0.5819397993311036,21.471571906354516
388,9,,
389,0,,
389,1,,
389,2,,
389,3,,
389,4,,
389,5,,
389,6,,
389,7,,
389,8,0.4414715719063545,21.672240802675585
389,9,,
390,0,,
390,1,,
390,2,,
390,3,,
390,4,,
390,5,,
390,6,,
390,7,,
390,8,0.5585284280936454,21.672240802675585
390,9,,
391,0,,
391,1,,
391,2,,
391,3,,
391,4,,
391,5,,
391,6,,
391,7,,
391,8,0.4983277591973244,21.872909698996658
391,9,,
392,0,,
392,1,,
392,2,,
392,3,,
392,4,,
392,5,,
392,6,,
392,7,,
392,8,0.4983277591973244,49.56521739130435
392,9,,
393,0,,
393,1,,
393,2,,
393,3,,
393,4,,
393,5,,
393,6,,
393,7,,
393,8,0.45819397993311034,49.76588628762542
393,9,,
394,0,,
394,1,,
394,2,,
394,3,,
394,4,,
394,5,,
394,6,,
394,7,,
394,8,0.5418060200668896,49.76588628762542
394,9,,
395,0,,
395,1,,
395,2,,
395,3,,
395,4,,
395,5,,
395,6,,
395,7,,
395,8,0.39464882943143814,50.96989966555184
395,9,,
396,0,,
396,1,,
396,2,,
396,3,,
396,4,,
396,5,,
396,6,,
396,7,,
396,8,0.6053511705685619,50.96989966555184
396,9,,
397,0,,
397,1,,
397,2,,
397,3,,
397,4,,
397,5,,
397,6,,
397,7,,
397,8,0.3879598662207358,51.17056856187291
397,9,,
398,0,,
398,1,,
398,2,,
398,3,,
398,4,,
398,5,,
398,6,,
398,7,,
398,8,0.6120401337792643,51.17056856187291
398,9,,
399,0,,
399,1,,
399,2,,
399,3,,
399,4,,
399,5,,
399,6,,
399,7,,
399,8,0.3812709030100334,51.37123745819398
399,9,,
400,0,,
400,1,,
400,2,,
400,3,,
400,4,,
400,5,,
400,6,,
400,7,,
400,8,0.6187290969899666,51.37123745819398
400,9,,
401,0,,
401,1,,
401,2,,
401,3,,
401,4,,
401,5,,
401,6,,
401,7,,
401,8,0.35785953177257523,52.173913043478265
401,9,,
402,0,,
402,1,,
402,2,,
402,3,,
402,4,,
402,5,,
402,6,,
402,7,,
402,8,0.6421404682274248,52.173913043478265
402,9,,
403,0,,
403,1,,
403,2,,
403,3,,
403,4,,
403,5,,
403,6,,
403,7,,
403,8,0.31438127090301005,55.18394648829432
403,9,,
404,0,,
404,1,,
404,2,,
404,3,,
404,4,,
404,5,,
404,6,,
404,7,,
404,8,0.68561872909699,55.18394648829432
404,9,,
405,0,,
405,1,,
405,2,,
405,3,,
405,4,,
405,5,,
405,6,,
405,7,,
405,8,0.3076923076923077,55.585284280936456
405,9,,
406,0,,
406,1,,
406,2,,
406,3,,
406,4,,
406,5,,
406,6,,
406,7,,
406,8,0.6923076923076923,55.585284280936456
406,9,,
407,0,,
407,1,,
407,2,,
407,3,,
407,4,,
407,5,,
407,6,,
407,7,,
407,8,0.30434782608695654,55.986622073578594
407,9,,
408,0,,
408,1,,
408,2,,
408,3,,
408,4,,
408,5,,
408,6,,
408,7,,
408,8,0.6956521739130435,55.986622073578594
408,9,,
409,0,,
409,1,,
409,2,,
409,3,,
409,4,,
409,5,,
409,6,,
409,7,,
409,8,0.2909698996655518,58.79598662207357
409,9,,
410,0,,
410,1,,
410,2,,
410,3,,
410,4,,
410,5,,
410,6,,
410,7,,
410,8,0.7090301003344481,58.79598662207357
410,9,,
411,0,,
411,1,,
411,2,,
411,3,,
411,4,,
411,5,,
411,6,,
411,7,,
411,8,,
411,9,0.3511705685618729,0.8026755852842804
412,0,,
412,1,,
412,2,,
412,3,,
412,4,,
412,5,,
412,6,,
412,7,,
412,8,,
412,9,0.6488294314381271,0.8026755852842804
413,0,,
413,1,,
413,2,,
413,3,,
413,4,,
413,5,,
413,6,,
413,7,,
413,8,,
413,9,0.4180602006688963,1.2040133779264224
414,0,,
414,1,,
414,2,,
414,3,,
414,4,,
414,5,,
414,6,,
414,7,,
414,8,,
414,9,0.5819397993311036,1.2040133779264224
415,0,,
415,1,,
415,2,,
415,3,,
415,4,,
415,5,,
415,6,,
415,7,,
415,8,,
415,9,0.451505016722408,11.638795986622075
416,0,,
416,1,,
416,2,,
416,3,,
416,4,,
416,5,,
416,6,,
416,7,,
416,8,,
416,9,0.5484949832775919,11.638795986622075
417,0,,
417,1,,
417,2,,
417,3,,
417,4,,
417,5,,
417,6,,
417,7,,
417,8,,
417,9,0.4180602006688963,11.839464882943144
418,0,,
418,1,,
418,2,,
418,3,,
418,4,,
418,5,,
418,6,,
418,7,,
418,8,,
418,9,0.5819397993311036,11.839464882943144
419,0,,
419,1,,
419,2,,
419,3,,
419,4,,
419,5,,
419,6,,
419,7,,
419,8,,
419,9,0.33444816053511706,13.043478260869566
420,0,,
420,1,,
420,2,,
420,3,,
420,4,,
420,5,,
420,6,,
420,7,,
420,8,,
420,9,0.6655518394648829,13.043478260869566
421,0,,
421,1,,
421,2,,
421,3,,
421,4,,
421,5,,
421,6,,
421,7,,
421,8,,
421,9,0.3277591973244147,13.244147157190636
422,0,,
422,1,,
422,2,,
422,3,,
422,4,,
422,5,,
422,6,,
422,7,,
422,8,,
422,9,0.6722408026755853,13.244147157190636
423,0,,
423,1,,
423,2,,
423,3,,
423,4,,
423,5,,
423,6,,
423,7,,
423,8,,
423,9,0.3210702341137124,13.444816053511708
424,0,,
424,1,,
424,2,,
424,3,,
424,4,,
424,5,,
424,6,,
424,7,,
424,8,,
424,9,0.6789297658862876,13.444816053511708
425,0,,
425,1,,
425,2,,
425,3,,
425,4,,
425,5,,
425,6,,
425,7,,
425,8,,
425,9,0.31438127090301005,13.645484949832777
426,0,,
426,1,,
426,2,,
426,3,,
426,4,,
426,5,,
426,6,,
426,7,,
426,8,,
426,9,0.68561872909699,13.645484949832777
427,0,,
427,1,,
427,2,,
427,3,,
427,4,,
427,5,,
427,6,,
427,7,,
427,8,,
427,9,0.3076923076923077,13.846153846153847
428,0,,
428,1,,
428,2,,
428,3,,
428,4,,
428,5,,
428,6,,
428,7,,
428,8,,
428,9,0.6923076923076923,13.846153846153847
429,0,,
429,1,,
429,2,,
429,3,,
429,4,,
429,5,,
429,6,,
429,7,,
429,8,,
429,9,0.2909698996655518,16.45484949832776
430,0,,
430,1,,
430,2,,
430,3,,
430,4,,
430,5,,
430,6,,
430,7,,
430,8,,
430,9,0.7090301003344481,16.45484949832776
431,0,,
431,1,,
431,2,,
431,3,,
431,4,,
431,5,,
431,6,,
431,7,,
431,8,,
431,9,0.33444816053511706,18.862876254180602
432,0,,
432,1,,
432,2,,
432,3,,
432,4,,
432,5,,
432,6,,
432,7,,
432,8,,
432,9,0.6655518394648829,18.862876254180602
433,0,,
433,1,,
433,2,,
433,3,,
433,4,,
433,5,,
433,6,,
433,7,,
433,8,,
433,9,0.3411371237458194,19.06354515050167
434,0,,
434,1,,
434,2,,
434,3,,
434,4,,
434,5,,
434,6,,
434,7,,
434,8,,
434,9,0.6588628762541806,19.06354515050167
435,0,,
435,1,,
435,2,,
435,3,,
435,4,,
435,5,,
435,6,,
435,7,,
435,8,,
435,9,0.4180602006688963,20.468227424749163
436,0,,
436,1,,
436,2,,
436,3,,
436,4,,
436,5,,
436,6,,
436,7,,
436,8,,
436,9,0.5819397993311036,20.468227424749163
437,0,,
437,1,,
437,2,,
437,3,,
437,4,,
437,5,,
437,6,,
437,7,,
437,8,,
437,9,0.4983277591973244,20.869565217391305
438,0,,
438,1,,
438,2,,
438,3,,
438,4,,
438,5,,
438,6,,
438,7,,
438,8,,
438,9,0.4983277591973244,48.561872909699
439,0,,
439,1,,
439,2,,
439,3,,
439,4,,
439,5,,
439,6,,
439,7,,
439,8,,
439,9,0.45819397993311034,48.76254180602007
440,0,,
440,1,,
440,2,,
440,3,,
440,4,,
440,5,,
440,6,,
440,7,,
440,8,,
440,9,0.5418060200668896,48.76254180602007
441,0,,
441,1,,
441,2,,
441,3,,
441,4,,
441,5,,
441,6,,
441,7,,
441,8,,
441,9,0.39464882943143814,49.96655518394649
442,0,,
442,1,,
442,2,,
442,3,,
442,4,,
442,5,,
442,6,,
442,7,,
442,8,,
442,9,0.6053511705685619,49.96655518394649
443,0,,
443,1,,
443,2,,
443,3,,
443,4,,
443,5,,
443,6,,
443,7,,
443,8,,
443,9,0.3879598662207358,50.16722408026756
444,0,,
444,1,,
444,2,,
444,3,,
444,4,,
444,5,,
444,6,,
444,7,,
444,8,,
444,9,0.6120401337792643,50.16722408026756
445,0,,
445,1,,
445,2,,
445,3,,
445,4,,
445,5,,
445,6,,
445,7,,
445,8,,
445,9,0.3812709030100334,50.36789297658863
446,0,,
446,1,,
446,2,,
446,3,,
446,4,,
446,5,,
446,6,,
446,7,,
446,8,,
446,9,0.6187290969899666,50.36789297658863
447,0,,
447,1,,
447,2,,
447,3,,
447,4,,
447,5,,
447,6,,
447,7,,
447,8,,
447,9,0.35785953177257523,51.17056856187291
448,0,,
448,1,,
448,2,,
448,3,,
448,4,,
448,5,,
448,6,,
448,7,,
448,8,,
448,9,0.6421404682274248,51.17056856187291
449,0,,
449,1,,
449,2,,
449,3,,
449,4,,
449,5,,
449,6,,
449,7,,
449,8,,
449,9,0.31438127090301005,54.180602006688964
450,0,,
450,1,,
450,2,,
450,3,,
450,4,,
450,5,,
450,6,,
450,7,,
450,8,,
450,9,0.68561872909699,54.180602006688964
451,0,,
451,1,,
451,2,,
451,3,,
451,4,,
451,5,,
451,6,,
451,7,,
451,8,,
451,9,0.3076923076923077,54.5819397993311
452,0,,
452,1,,
452,2,,
452,3,,
452,4,,
452,5,,
452,6,,
452,7,,
452,8,,
452,9,0.6923076923076923,54.5819397993311
453,0,,
453,1,,
453,2,,
453,3,,
453,4,,
453,5,,
453,6,,
453,7,,
453,8,,
453,9,0.30434782608695654,54.98327759197325
454,0,,
454,1,,
454,2,,
454,3,,
454,4,,
454,5,,
454,6,,
454,7,,
454,8,,
454,9,0.6956521739130435,54.98327759197325
455,0,,
455,1,,
455,2,,
455,3,,
455,4,,
455,5,,
455,6,,
455,7,,
455,8,,
455,9,0.30434782608695654,55.38461538461539
456,0,,
456,1,,
456,2,,
456,3,,
456,4,,
456,5,,
456,6,,
456,7,,
456,8,,
456,9,0.6956521739130435,55.38461538461539
457,0,,
457,1,,
457,2,,
457,3,,
457,4,,
457,5,,
457,6,,
457,7,,
457,8,,
457,9,0.2909698996655518,57.79264214046823
458,0,,
458,1,,
458,2,,
458,3,,
458,4,,
458,5,,
458,6,,
458,7,,
458,8,,
458,9,0.7090301003344481,57.79264214046823
459,0,,
459,1,,
459,2,,
459,3,,
459,4,,
459,5,,
459,6,,
459,7,,
459,8,,
459,9,0.28762541806020064,59.799331103678924
460,0,,
460,1,,
460,2,,
460,3,,
460,4,,
460,5,,
460,6,,
460,7,,
460,8,,
460,9,0.7123745819397993,59.799331103678924
